{
    "final_allocations": {
        "SPY": 0.13326099676064168,
        "SPHD": 0.07942678464420566,
        "JNK": 0.11373426546395568,
        "SRET": 0.04456279481424764,
        "VGT": 0.3624618496975563,
        "VUG": 0.15462500556146647,
        "CASH": 0.11192830305792661
    },
    "final_loss_breakdown_without_multipliers": [
        [
            "ExpLoss",
            -0.013901083774723978
        ],
        [
            "VarLoss",
            0.00262091678995803
        ],
        [
            "L2ExpLoss",
            1.2076168701749005e-06
        ],
        [
            "GroupLoss",
            0.01708685525902276
        ]
    ],
    "final_exp": 0.013901083774723978,
    "final_var": 0.00262091678995803
}