{
    "final_allocations": {
        "SPY": 0.13326099584211323,
        "SPHD": 0.07942685572602054,
        "JNK": 0.1137343137119025,
        "SRET": 0.04456278078860689,
        "VGT": 0.36246179252536526,
        "VUG": 0.15462495504901053,
        "CASH": 0.11192830635698094
    },
    "final_loss_breakdown_without_multipliers": [
        [
            "ExpLoss",
            -0.013901083464507693
        ],
        [
            "VarLoss",
            0.002620916551511035
        ],
        [
            "L2ExpLoss",
            1.2076175519784147e-06
        ],
        [
            "GroupLoss",
            0.017086747574375782
        ]
    ],
    "final_exp": 0.013901083464507693,
    "final_var": 0.002620916551511035
}